{"v":"5.5.7","meta":{"g":"LottieFiles AE 0.1.20","a":"","k":"","d":"","tc":""},"fr":25,"ip":0,"op":125,"w":1600,"h":1200,"nm":"Message Arrived With Shadow","ddd":0,"assets":[],"layers":[{"ddd":0,"ind":1,"ty":4,"nm":"Speed Line","sr":1,"ks":{"o":{"a":0,"k":100,"ix":11},"r":{"a":0,"k":0,"ix":10},"p":{"a":0,"k":[800,600,0],"ix":2},"a":{"a":0,"k":[0,0,0],"ix":1},"s":{"a":0,"k":[100,100,100],"ix":6}},"ao":0,"shapes":[{"ty":"gr","it":[{"ind":0,"ty":"sh","ix":1,"ks":{"a":0,"k":{"i":[[0,0],[0,0]],"o":[[0,0],[0,0]],"v":[[-113.812,245.304],[608.84,-125.967]],"c":false},"ix":2},"nm":"Path 1","mn":"ADBE Vector Shape - Group","hd":false},{"ty":"tm","s":{"a":1,"k":[{"i":{"x":[0],"y":[1]},"o":{"x":[0.05],"y":[0]},"t":81,"s":[0]},{"i":{"x":[0],"y":[1]},"o":{"x":[0.05],"y":[0]},"t":95,"s":[100]},{"t":96,"s":[100]}],"ix":1},"e":{"a":1,"k":[{"i":{"x":[0],"y":[1]},"o":{"x":[0.05],"y":[0]},"t":81,"s":[0]},{"i":{"x":[0],"y":[1]},"o":{"x":[0.05],"y":[0]},"t":95,"s":[90]},{"t":96,"s":[100]}],"ix":2},"o":{"a":0,"k":0,"ix":3},"m":1,"ix":2,"nm":"Trim Paths 1","mn":"ADBE Vector Filter - Trim","hd":false},{"ty":"st","c":{"a":0,"k":[0.949019667682,0.913725550034,0.925490255917,1],"ix":3},"o":{"a":0,"k":100,"ix":4},"w":{"a":0,"k":10,"ix":5},"lc":2,"lj":1,"ml":4,"bm":0,"nm":"Stroke 1","mn":"ADBE Vector Graphic - Stroke","hd":false},{"ty":"tr","p":{"a":0,"k":[60,90],"ix":2},"a":{"a":0,"k":[0,0],"ix":1},"s":{"a":0,"k":[100,100],"ix":3},"r":{"a":0,"k":0,"ix":6},"o":{"a":0,"k":100,"ix":7},"sk":{"a":0,"k":0,"ix":4},"sa":{"a":0,"k":0,"ix":5},"nm":"Transform"}],"nm":"Shape 3","np":4,"cix":2,"bm":0,"ix":1,"mn":"ADBE Vector Group","hd":false},{"ty":"gr","it":[{"ind":0,"ty":"sh","ix":1,"ks":{"a":0,"k":{"i":[[0,0],[0,0]],"o":[[0,0],[0,0]],"v":[[-412.155,265.193],[416.575,-139.227]],"c":false},"ix":2},"nm":"Path 1","mn":"ADBE Vector Shape - Group","hd":false},{"ty":"tm","s":{"a":1,"k":[{"i":{"x":[0],"y":[1]},"o":{"x":[0.05],"y":[0]},"t":83,"s":[0]},{"i":{"x":[0],"y":[1]},"o":{"x":[0.05],"y":[0]},"t":97,"s":[100]},{"t":98,"s":[100]}],"ix":1},"e":{"a":1,"k":[{"i":{"x":[0],"y":[1]},"o":{"x":[0.05],"y":[0]},"t":83,"s":[0]},{"i":{"x":[0],"y":[1]},"o":{"x":[0.05],"y":[0]},"t":97,"s":[90]},{"t":98,"s":[100]}],"ix":2},"o":{"a":0,"k":0,"ix":3},"m":1,"ix":2,"nm":"Trim Paths 1","mn":"ADBE Vector Filter - Trim","hd":false},{"ty":"st","c":{"a":0,"k":[0.949019667682,0.913725550034,0.925490255917,1],"ix":3},"o":{"a":0,"k":100,"ix":4},"w":{"a":0,"k":10,"ix":5},"lc":2,"lj":1,"ml":4,"bm":0,"nm":"Stroke 1","mn":"ADBE Vector Graphic - Stroke","hd":false},{"ty":"tr","p":{"a":0,"k":[60,90],"ix":2},"a":{"a":0,"k":[0,0],"ix":1},"s":{"a":0,"k":[100,100],"ix":3},"r":{"a":0,"k":0,"ix":6},"o":{"a":0,"k":100,"ix":7},"sk":{"a":0,"k":0,"ix":4},"sa":{"a":0,"k":0,"ix":5},"nm":"Transform"}],"nm":"Shape 2","np":4,"cix":2,"bm":0,"ix":2,"mn":"ADBE Vector Group","hd":false},{"ty":"gr","it":[{"ind":0,"ty":"sh","ix":1,"ks":{"a":0,"k":{"i":[[0,0],[0,0]],"o":[[0,0],[0,0]],"v":[[-412.155,265.193],[618.785,-238.674]],"c":false},"ix":2},"nm":"Path 1","mn":"ADBE Vector Shape - Group","hd":false},{"ty":"tm","s":{"a":1,"k":[{"i":{"x":[0],"y":[1]},"o":{"x":[0.05],"y":[0]},"t":78,"s":[0]},{"i":{"x":[0],"y":[1]},"o":{"x":[0.05],"y":[0]},"t":92,"s":[100]},{"t":93,"s":[100]}],"ix":1},"e":{"a":1,"k":[{"i":{"x":[0],"y":[1]},"o":{"x":[0.05],"y":[0]},"t":78,"s":[0]},{"i":{"x":[0],"y":[1]},"o":{"x":[0.05],"y":[0]},"t":92,"s":[90]},{"t":93,"s":[100]}],"ix":2},"o":{"a":0,"k":0,"ix":3},"m":1,"ix":2,"nm":"Trim Paths 1","mn":"ADBE Vector Filter - Trim","hd":false},{"ty":"st","c":{"a":0,"k":[0.949019667682,0.913725550034,0.925490255917,1],"ix":3},"o":{"a":0,"k":100,"ix":4},"w":{"a":0,"k":10,"ix":5},"lc":2,"lj":1,"ml":4,"bm":0,"nm":"Stroke 1","mn":"ADBE Vector Graphic - Stroke","hd":false},{"ty":"tr","p":{"a":0,"k":[0,0],"ix":2},"a":{"a":0,"k":[0,0],"ix":1},"s":{"a":0,"k":[100,100],"ix":3},"r":{"a":0,"k":0,"ix":6},"o":{"a":0,"k":100,"ix":7},"sk":{"a":0,"k":0,"ix":4},"sa":{"a":0,"k":0,"ix":5},"nm":"Transform"}],"nm":"Shape 1","np":4,"cix":2,"bm":0,"ix":3,"mn":"ADBE Vector Group","hd":false}],"ip":0,"op":125,"st":0,"bm":0},{"ddd":0,"ind":2,"ty":4,"nm":"P Plane End","sr":1,"ks":{"o":{"a":0,"k":100,"ix":11},"r":{"a":1,"k":[{"i":{"x":[0],"y":[1]},"o":{"x":[0.05],"y":[0]},"t":49,"s":[38]},{"i":{"x":[0.833],"y":[0.833]},"o":{"x":[0.05],"y":[0]},"t":60,"s":[0]},{"i":{"x":[0.833],"y":[0.833]},"o":{"x":[0.167],"y":[0.167]},"t":69,"s":[-10]},{"i":{"x":[0],"y":[1]},"o":{"x":[0.167],"y":[0.167]},"t":77,"s":[0]},{"t":87,"s":[-24]}],"ix":10},"p":{"a":1,"k":[{"i":{"x":0,"y":1},"o":{"x":0.05,"y":0},"t":49,"s":[-479,158,0],"to":[213.167,73.667,0],"ti":[-213.167,-73.667,0]},{"i":{"x":0.833,"y":0.833},"o":{"x":0.05,"y":0.05},"t":60,"s":[800,600,0],"to":[0,0,0],"ti":[0,0,0]},{"i":{"x":0,"y":1},"o":{"x":0.167,"y":0.167},"t":77,"s":[800,600,0],"to":[169.333,-82.667,0],"ti":[-169.333,82.667,0]},{"t":87,"s":[1816,104,0]}],"ix":2},"a":{"a":0,"k":[0,0,0],"ix":1},"s":{"a":0,"k":[100,100,100],"ix":6}},"ao":0,"shapes":[{"ty":"gr","it":[{"ind":0,"ty":"sh","ix":1,"ks":{"a":1,"k":[{"i":{"x":0,"y":1},"o":{"x":0.05,"y":0},"t":49,"s":[{"i":[[32,42],[-47.824,-37.428],[-64,-30]],"o":[[-32,-42],[46,36],[54.358,25.48]],"v":[[542.949,-22.776],[-72,148],[90,244]],"c":true}]},{"i":{"x":0,"y":1},"o":{"x":0.05,"y":0},"t":54,"s":[{"i":[[3.272,-1.493],[-0.991,-0.216],[-29.133,-39.515]],"o":[[-1.469,0.67],[79.027,17.241],[70.891,-54.861]],"v":[[377.025,60.319],[-74.915,138.227],[94.167,245.622]],"c":true}]},{"i":{"x":0,"y":1},"o":{"x":0.05,"y":0},"t":69,"s":[{"i":[[26.503,30.61],[-47.824,-37.428],[-62.587,-32.846]],"o":[[-9.243,-5.648],[46,36],[18.42,10.696]],"v":[[366.373,10.233],[-72,148],[90,244]],"c":true}]},{"i":{"x":0,"y":1},"o":{"x":0.05,"y":0},"t":77,"s":[{"i":[[4.75,28.5],[-0.038,0.774],[-24.038,-57.226]],"o":[[-3.25,-16.25],[93.962,8.774],[0.817,1.944]],"v":[[366.25,10.25],[-253.962,239.226],[-87.962,347.226]],"c":true}]},{"t":87,"s":[{"i":[[32,42],[-47.824,-37.428],[-64,-30]],"o":[[-32,-42],[46,36],[54.358,25.48]],"v":[[362,12],[-72,148],[90,244]],"c":true}]}],"ix":2},"nm":"Path 1","mn":"ADBE Vector Shape - Group","hd":false},{"ty":"gf","o":{"a":0,"k":100,"ix":10},"r":1,"bm":0,"g":{"p":3,"k":{"a":0,"k":[0,0.973,0.737,0.753,0.188,0.951,0.561,0.624,1,0.929,0.384,0.494],"ix":9}},"s":{"a":1,"k":[{"i":{"x":0,"y":1},"o":{"x":0.05,"y":0},"t":54,"s":[172,32],"to":[3.091,9.345],"ti":[0.909,-1.679]},{"i":{"x":0,"y":1},"o":{"x":0.05,"y":0},"t":69,"s":[190.545,88.072],"to":[-0.909,1.679],"ti":[4,7.667]},{"t":77,"s":[166.545,42.072]}],"ix":5},"e":{"a":1,"k":[{"i":{"x":0,"y":1},"o":{"x":0.05,"y":0},"t":54,"s":[246,208],"to":[7.669,23.692],"ti":[-1.002,-8.025]},{"i":{"x":0,"y":1},"o":{"x":0.05,"y":0},"t":69,"s":[292.015,350.15],"to":[1.002,8.025],"ti":[6.667,15.667]},{"t":77,"s":[252.015,256.15]}],"ix":6},"t":1,"nm":"Gradient Fill 1","mn":"ADBE Vector Graphic - G-Fill","hd":false},{"ty":"tr","p":{"a":0,"k":[0,0],"ix":2},"a":{"a":0,"k":[0,0],"ix":1},"s":{"a":0,"k":[100,100],"ix":3},"r":{"a":0,"k":0,"ix":6},"o":{"a":0,"k":100,"ix":7},"sk":{"a":0,"k":0,"ix":4},"sa":{"a":0,"k":0,"ix":5},"nm":"Transform"}],"nm":"M W","np":3,"cix":2,"bm":0,"ix":1,"mn":"ADBE Vector Group","hd":false},{"ty":"gr","it":[{"ind":0,"ty":"sh","ix":1,"ks":{"a":1,"k":[{"i":{"x":0,"y":1},"o":{"x":0.05,"y":0},"t":49,"s":[{"i":[[48.028,52.204],[-58.364,-26.937],[-20.577,-23.123]],"o":[[-46,-50],[26,12],[26.419,29.688]],"v":[[682.949,1.224],[-38,84],[60.577,165.123]],"c":true}]},{"i":{"x":0,"y":1},"o":{"x":0.05,"y":0},"t":54,"s":[{"i":[[-0.636,1.503],[215.937,-14.502],[-25.946,-38.15]],"o":[[-0.82,-0.489],[49.762,12.957],[1.829,1.455]],"v":[[512.683,86.228],[-46.665,98.863],[62.406,166.579]],"c":true}]},{"i":{"x":0,"y":1},"o":{"x":0.05,"y":0},"t":69,"s":[{"i":[[45.221,54.654],[-58.364,-26.937],[-20.577,-23.123]],"o":[[-14.49,-10.976],[26,12],[26.419,29.688]],"v":[[502,36],[-38,84],[60.577,165.123]],"c":true}]},{"i":{"x":0,"y":1},"o":{"x":0.05,"y":0},"t":77,"s":[{"i":[[1,2],[239.962,-57.226],[-30,-40]],"o":[[0,-1],[47.962,12.774],[3.384,1.651]],"v":[[502,36],[-253.962,199.226],[-120,266]],"c":true}]},{"t":87,"s":[{"i":[[48.028,52.204],[-58.364,-26.937],[-20.577,-23.123]],"o":[[-46,-50],[26,12],[26.419,29.688]],"v":[[502,36],[-38,84],[60.577,165.123]],"c":true}]}],"ix":2},"nm":"Path 1","mn":"ADBE Vector Shape - Group","hd":false},{"ty":"gf","o":{"a":0,"k":100,"ix":10},"r":1,"bm":0,"g":{"p":3,"k":{"a":0,"k":[0,0.973,0.737,0.753,0.188,0.951,0.561,0.624,1,0.929,0.384,0.494],"ix":9}},"s":{"a":1,"k":[{"i":{"x":0,"y":1},"o":{"x":0.05,"y":0},"t":54,"s":[242,-10],"to":[-7.858,8.092],"ti":[7.858,-8.092]},{"t":69,"s":[194.853,38.551]}],"ix":5},"e":{"a":1,"k":[{"i":{"x":0,"y":1},"o":{"x":0.05,"y":0},"t":54,"s":[274,134],"to":[-3.82,21.666],"ti":[6.487,-9.999]},{"i":{"x":0,"y":1},"o":{"x":0.05,"y":0},"t":69,"s":[251.078,263.995],"to":[-6.487,9.999],"ti":[2.667,11.667]},{"t":77,"s":[235.078,193.995]}],"ix":6},"t":1,"nm":"Gradient Fill 1","mn":"ADBE Vector Graphic - G-Fill","hd":false},{"ty":"tr","p":{"a":0,"k":[-136,-26],"ix":2},"a":{"a":0,"k":[0,0],"ix":1},"s":{"a":0,"k":[100,100],"ix":3},"r":{"a":0,"k":0,"ix":6},"o":{"a":0,"k":100,"ix":7},"sk":{"a":0,"k":0,"ix":4},"sa":{"a":0,"k":0,"ix":5},"nm":"Transform"}],"nm":"R W","np":3,"cix":2,"bm":0,"ix":2,"mn":"ADBE Vector Group","hd":false},{"ty":"gr","it":[{"ind":0,"ty":"sh","ix":1,"ks":{"a":1,"k":[{"i":{"x":0,"y":1},"o":{"x":0.05,"y":0},"t":49,"s":[{"i":[[0,0],[0,0],[0,0]],"o":[[0,0],[0,0],[0,0]],"v":[[540.949,-18.776],[-76,138],[-78,274]],"c":true}]},{"i":{"x":0,"y":1},"o":{"x":0.05,"y":0},"t":54,"s":[{"i":[[0,0],[0,0],[0,0]],"o":[[0,0],[0,0],[0,0]],"v":[[376.149,60.198],[-76,138],[-78,274]],"c":true}]},{"i":{"x":0,"y":1},"o":{"x":0.05,"y":0},"t":69,"s":[{"i":[[0,0],[0,0],[0,0]],"o":[[0,0],[0,0],[0,0]],"v":[[360,16],[-76,138],[-78,274]],"c":true}]},{"i":{"x":0,"y":1},"o":{"x":0.05,"y":0},"t":77,"s":[{"i":[[0,0],[0,0],[0,0]],"o":[[0,0],[0,0],[0,0]],"v":[[366.5,10],[-255.962,239.226],[-257.962,375.226]],"c":true}]},{"t":87,"s":[{"i":[[0,0],[0,0],[0,0]],"o":[[0,0],[0,0],[0,0]],"v":[[360,16],[-76,138],[-78,274]],"c":true}]}],"ix":2},"nm":"Path 1","mn":"ADBE Vector Shape - Group","hd":false},{"ty":"gf","o":{"a":0,"k":100,"ix":10},"r":1,"bm":0,"g":{"p":3,"k":{"a":0,"k":[0,0.973,0.737,0.753,0.188,0.951,0.561,0.624,1,0.929,0.384,0.494],"ix":9}},"s":{"a":1,"k":[{"i":{"x":0,"y":1},"o":{"x":0.05,"y":0},"t":54,"s":[-54,262],"to":[-4.333,18.667],"ti":[4.333,-18.667]},{"t":77,"s":[-80,374]}],"ix":5},"e":{"a":1,"k":[{"i":{"x":0,"y":1},"o":{"x":0.05,"y":0},"t":54,"s":[-10,122],"to":[-9,9],"ti":[9,-9]},{"t":77,"s":[-64,176]}],"ix":6},"t":1,"nm":"Gradient Fill 1","mn":"ADBE Vector Graphic - G-Fill","hd":false},{"ty":"tr","p":{"a":0,"k":[0,0],"ix":2},"a":{"a":0,"k":[0,0],"ix":1},"s":{"a":0,"k":[100,100],"ix":3},"r":{"a":0,"k":0,"ix":6},"o":{"a":0,"k":100,"ix":7},"sk":{"a":0,"k":0,"ix":4},"sa":{"a":0,"k":0,"ix":5},"nm":"Transform"}],"nm":"L W","np":3,"cix":2,"bm":0,"ix":3,"mn":"ADBE Vector Group","hd":false}],"ip":49,"op":125,"st":0,"bm":0},{"ddd":0,"ind":3,"ty":3,"nm":"P Plane End Shadow","sr":1,"ks":{"o":{"a":0,"k":0,"ix":11},"r":{"a":1,"k":[{"i":{"x":[0.833],"y":[0.833]},"o":{"x":[0.167],"y":[0.167]},"t":49,"s":[-28]},{"i":{"x":[0.833],"y":[0.833]},"o":{"x":[0.167],"y":[0.167]},"t":54,"s":[5.821]},{"t":75,"s":[24]}],"ix":10},"p":{"a":1,"k":[{"i":{"x":0.833,"y":0.833},"o":{"x":0.167,"y":0.167},"t":49,"s":[800,751,0],"to":[16.751,0,0],"ti":[-36.171,0,0]},{"i":{"x":0.833,"y":0.833},"o":{"x":0.167,"y":0.167},"t":60,"s":[882.825,849,0],"to":[39.157,0,0],"ti":[-45.113,17.789,0]},{"i":{"x":0.833,"y":0.833},"o":{"x":0.167,"y":0.167},"t":77,"s":[1013.596,903.776,0],"to":[72.435,-28.563,0],"ti":[-29.116,0,0]},{"t":100,"s":[1184,751,0]}],"ix":2},"a":{"a":0,"k":[0,0,0],"ix":1},"s":{"a":0,"k":[64,64,100],"ix":6}},"ao":0,"ip":0,"op":125,"st":0,"bm":0},{"ddd":0,"ind":4,"ty":4,"nm":"P Plane End Shadow","parent":3,"sr":1,"ks":{"o":{"a":0,"k":10,"ix":11},"r":{"a":1,"k":[{"i":{"x":[0],"y":[1]},"o":{"x":[0.05],"y":[0]},"t":49,"s":[38]},{"i":{"x":[0.833],"y":[0.833]},"o":{"x":[0.05],"y":[0]},"t":60,"s":[0]},{"i":{"x":[0.833],"y":[0.833]},"o":{"x":[0.167],"y":[0.167]},"t":69,"s":[-10]},{"i":{"x":[0],"y":[1]},"o":{"x":[0.167],"y":[0.167]},"t":77,"s":[0]},{"t":87,"s":[-24]}],"ix":10},"p":{"a":1,"k":[{"i":{"x":0,"y":1},"o":{"x":0.05,"y":0},"t":49,"s":[-1813.755,122.673,0],"to":[302.293,40.888,0],"ti":[-302.293,-40.888,0]},{"i":{"x":0.833,"y":0.833},"o":{"x":0.05,"y":0.05},"t":60,"s":[0,368,0],"to":[0,0,0],"ti":[0,0,0]},{"i":{"x":0,"y":1},"o":{"x":0.167,"y":0.167},"t":77,"s":[0,368,0],"to":[224.079,-126.991,0],"ti":[-224.079,126.991,0]},{"t":87,"s":[1344.472,-393.943,0]}],"ix":2},"a":{"a":0,"k":[0,0,0],"ix":1},"s":{"a":1,"k":[{"i":{"x":[0.833,0.833,0.833],"y":[0.833,0.833,0.833]},"o":{"x":[0.167,0.167,0.167],"y":[0.167,0.167,0.167]},"t":49,"s":[100,100,100]},{"t":60,"s":[63,63,100]}],"ix":6}},"ao":0,"shapes":[{"ty":"gr","it":[{"ind":0,"ty":"sh","ix":1,"ks":{"a":1,"k":[{"i":{"x":0,"y":1},"o":{"x":0.05,"y":0},"t":49,"s":[{"i":[[32,42],[-47.824,-37.428],[-64,-30]],"o":[[-32,-42],[46,36],[54.358,25.48]],"v":[[542.949,-22.776],[-72,148],[90,244]],"c":true}]},{"i":{"x":0,"y":1},"o":{"x":0.05,"y":0},"t":54,"s":[{"i":[[3.272,-1.493],[-0.991,-0.216],[-29.133,-39.515]],"o":[[-1.469,0.67],[79.027,17.241],[70.891,-54.861]],"v":[[377.025,60.319],[-74.915,138.227],[94.167,245.622]],"c":true}]},{"i":{"x":0,"y":1},"o":{"x":0.05,"y":0},"t":69,"s":[{"i":[[26.503,30.61],[-47.824,-37.428],[-62.587,-32.846]],"o":[[-9.243,-5.648],[46,36],[18.42,10.696]],"v":[[366.373,10.233],[-72,148],[90,244]],"c":true}]},{"i":{"x":0,"y":1},"o":{"x":0.05,"y":0},"t":77,"s":[{"i":[[4.75,28.5],[-0.038,0.774],[-24.038,-57.226]],"o":[[-3.25,-16.25],[93.962,8.774],[0.817,1.944]],"v":[[366.25,10.25],[-253.962,239.226],[-87.962,347.226]],"c":true}]},{"t":87,"s":[{"i":[[32,42],[-47.824,-37.428],[-64,-30]],"o":[[-32,-42],[46,36],[54.358,25.48]],"v":[[362,12],[-72,148],[90,244]],"c":true}]}],"ix":2},"nm":"Path 1","mn":"ADBE Vector Shape - Group","hd":false},{"ty":"fl","c":{"a":0,"k":[0,0,0,1],"ix":4},"o":{"a":0,"k":100,"ix":5},"r":1,"bm":0,"nm":"Fill 1","mn":"ADBE Vector Graphic - Fill","hd":false},{"ty":"tr","p":{"a":0,"k":[0,0],"ix":2},"a":{"a":0,"k":[0,0],"ix":1},"s":{"a":0,"k":[100,100],"ix":3},"r":{"a":0,"k":0,"ix":6},"o":{"a":0,"k":100,"ix":7},"sk":{"a":0,"k":0,"ix":4},"sa":{"a":0,"k":0,"ix":5},"nm":"Transform"}],"nm":"M W","np":3,"cix":2,"bm":0,"ix":1,"mn":"ADBE Vector Group","hd":false},{"ty":"gr","it":[{"ind":0,"ty":"sh","ix":1,"ks":{"a":1,"k":[{"i":{"x":0,"y":1},"o":{"x":0.05,"y":0},"t":49,"s":[{"i":[[48.028,52.204],[-58.364,-26.937],[-20.577,-23.123]],"o":[[-46,-50],[26,12],[26.419,29.688]],"v":[[682.949,1.224],[-38,84],[60.577,165.123]],"c":true}]},{"i":{"x":0,"y":1},"o":{"x":0.05,"y":0},"t":54,"s":[{"i":[[-0.636,1.503],[215.937,-14.502],[-25.946,-38.15]],"o":[[-0.82,-0.489],[49.762,12.957],[1.829,1.455]],"v":[[512.683,86.228],[-46.665,98.863],[62.406,166.579]],"c":true}]},{"i":{"x":0,"y":1},"o":{"x":0.05,"y":0},"t":69,"s":[{"i":[[45.221,54.654],[-58.364,-26.937],[-20.577,-23.123]],"o":[[-14.49,-10.976],[26,12],[26.419,29.688]],"v":[[502,36],[-38,84],[60.577,165.123]],"c":true}]},{"i":{"x":0,"y":1},"o":{"x":0.05,"y":0},"t":77,"s":[{"i":[[1,2],[239.962,-57.226],[-30,-40]],"o":[[0,-1],[47.962,12.774],[3.384,1.651]],"v":[[502,36],[-253.962,199.226],[-120,266]],"c":true}]},{"t":87,"s":[{"i":[[48.028,52.204],[-58.364,-26.937],[-20.577,-23.123]],"o":[[-46,-50],[26,12],[26.419,29.688]],"v":[[502,36],[-38,84],[60.577,165.123]],"c":true}]}],"ix":2},"nm":"Path 1","mn":"ADBE Vector Shape - Group","hd":false},{"ty":"fl","c":{"a":0,"k":[0,0,0,1],"ix":4},"o":{"a":0,"k":100,"ix":5},"r":1,"bm":0,"nm":"Fill 1","mn":"ADBE Vector Graphic - Fill","hd":false},{"ty":"tr","p":{"a":0,"k":[-136,-26],"ix":2},"a":{"a":0,"k":[0,0],"ix":1},"s":{"a":0,"k":[100,100],"ix":3},"r":{"a":0,"k":0,"ix":6},"o":{"a":0,"k":100,"ix":7},"sk":{"a":0,"k":0,"ix":4},"sa":{"a":0,"k":0,"ix":5},"nm":"Transform"}],"nm":"R W","np":3,"cix":2,"bm":0,"ix":2,"mn":"ADBE Vector Group","hd":false},{"ty":"gr","it":[{"ind":0,"ty":"sh","ix":1,"ks":{"a":1,"k":[{"i":{"x":0,"y":1},"o":{"x":0.05,"y":0},"t":49,"s":[{"i":[[0,0],[0,0],[0,0]],"o":[[0,0],[0,0],[0,0]],"v":[[540.949,-18.776],[-76,138],[-78,274]],"c":true}]},{"i":{"x":0,"y":1},"o":{"x":0.05,"y":0},"t":54,"s":[{"i":[[0,0],[0,0],[0,0]],"o":[[0,0],[0,0],[0,0]],"v":[[376.149,60.198],[-76,138],[-78,274]],"c":true}]},{"i":{"x":0,"y":1},"o":{"x":0.05,"y":0},"t":69,"s":[{"i":[[0,0],[0,0],[0,0]],"o":[[0,0],[0,0],[0,0]],"v":[[360,16],[-76,138],[-78,274]],"c":true}]},{"i":{"x":0,"y":1},"o":{"x":0.05,"y":0},"t":77,"s":[{"i":[[0,0],[0,0],[0,0]],"o":[[0,0],[0,0],[0,0]],"v":[[366.5,10],[-255.962,239.226],[-257.962,375.226]],"c":true}]},{"t":87,"s":[{"i":[[0,0],[0,0],[0,0]],"o":[[0,0],[0,0],[0,0]],"v":[[360,16],[-76,138],[-78,274]],"c":true}]}],"ix":2},"nm":"Path 1","mn":"ADBE Vector Shape - Group","hd":false},{"ty":"fl","c":{"a":0,"k":[0,0,0,1],"ix":4},"o":{"a":0,"k":100,"ix":5},"r":1,"bm":0,"nm":"Fill 1","mn":"ADBE Vector Graphic - Fill","hd":false},{"ty":"tr","p":{"a":0,"k":[0,0],"ix":2},"a":{"a":0,"k":[0,0],"ix":1},"s":{"a":0,"k":[100,100],"ix":3},"r":{"a":0,"k":0,"ix":6},"o":{"a":0,"k":100,"ix":7},"sk":{"a":0,"k":0,"ix":4},"sa":{"a":0,"k":0,"ix":5},"nm":"Transform"}],"nm":"L W","np":3,"cix":2,"bm":0,"ix":3,"mn":"ADBE Vector Group","hd":false}],"ip":49,"op":125,"st":0,"bm":0},{"ddd":0,"ind":5,"ty":4,"nm":"T B Shape","parent":7,"sr":1,"ks":{"o":{"a":0,"k":100,"ix":11},"r":{"a":0,"k":0,"ix":10},"p":{"a":0,"k":[64,-50,0],"ix":2},"a":{"a":0,"k":[64,-50,0],"ix":1},"s":{"a":0,"k":[100,-100,100],"ix":6}},"ao":0,"shapes":[{"ty":"gr","it":[{"ind":0,"ty":"sh","ix":1,"ks":{"a":0,"k":{"i":[[0,-49.153],[19.5,-0.5],[0,0],[-49.153,0],[0,0]],"o":[[0,0],[-19.5,0.5],[0,-49.153],[0,0],[49.153,0]],"v":[[476,-217],[-2,20],[-476,-217],[-387,-306],[387,-306]],"c":true},"ix":2},"nm":"Path 1","mn":"ADBE Vector Shape - Group","hd":false},{"ty":"gf","o":{"a":0,"k":100,"ix":10},"r":1,"bm":0,"g":{"p":3,"k":{"a":0,"k":[0,0.639,0.816,0.925,0.188,0.467,0.669,0.812,1,0.294,0.522,0.698],"ix":9}},"s":{"a":0,"k":[-2,-409.158],"ix":5},"e":{"a":0,"k":[2.109,121.277],"ix":6},"t":1,"nm":"Gradient Fill 1","mn":"ADBE Vector Graphic - G-Fill","hd":false},{"ty":"tr","p":{"a":0,"k":[64,-50],"ix":2},"a":{"a":0,"k":[0,0],"ix":1},"s":{"a":0,"k":[100,100],"ix":3},"r":{"a":0,"k":0,"ix":6},"o":{"a":0,"k":100,"ix":7},"sk":{"a":0,"k":0,"ix":4},"sa":{"a":0,"k":0,"ix":5},"nm":"Transform"}],"nm":"Rectangle 1","np":3,"cix":2,"bm":0,"ix":1,"mn":"ADBE Vector Group","hd":false}],"ip":0,"op":125,"st":0,"bm":0},{"ddd":0,"ind":6,"ty":4,"nm":"L Shape","parent":10,"sr":1,"ks":{"o":{"a":0,"k":100,"ix":11},"r":{"a":0,"k":0,"ix":10},"p":{"a":0,"k":[64,-50,0],"ix":2},"a":{"a":0,"k":[64,-50,0],"ix":1},"s":{"a":0,"k":[100,100,100],"ix":6}},"ao":0,"shapes":[{"ty":"gr","it":[{"ind":0,"ty":"sh","ix":1,"ks":{"a":0,"k":{"i":[[0,0],[49.153,0],[0,0],[0,49.153],[0,0]],"o":[[0,49.153],[0,0],[-49.153,0],[0,0],[0,-49.153]],"v":[[476,217],[387,306],[-387,306],[-476,217],[-476,-217]],"c":true},"ix":2},"nm":"Path 1","mn":"ADBE Vector Shape - Group","hd":false},{"ty":"gf","o":{"a":0,"k":100,"ix":10},"r":1,"bm":0,"g":{"p":3,"k":{"a":0,"k":[0,0.639,0.816,0.925,0.188,0.467,0.669,0.812,1,0.294,0.522,0.698],"ix":9}},"s":{"a":0,"k":[-586.612,-33],"ix":5},"e":{"a":0,"k":[-27.98,-34],"ix":6},"t":1,"nm":"Gradient Fill 1","mn":"ADBE Vector Graphic - G-Fill","hd":false},{"ty":"tr","p":{"a":0,"k":[64,-50],"ix":2},"a":{"a":0,"k":[0,0],"ix":1},"s":{"a":0,"k":[100,100],"ix":3},"r":{"a":0,"k":0,"ix":6},"o":{"a":0,"k":100,"ix":7},"sk":{"a":0,"k":0,"ix":4},"sa":{"a":0,"k":0,"ix":5},"nm":"Transform"}],"nm":"Rectangle 1","np":3,"cix":2,"bm":0,"ix":1,"mn":"ADBE Vector Group","hd":false}],"ip":0,"op":125,"st":0,"bm":0},{"ddd":0,"ind":7,"ty":4,"nm":"R Shape","parent":10,"sr":1,"ks":{"o":{"a":0,"k":100,"ix":11},"r":{"a":0,"k":0,"ix":10},"p":{"a":0,"k":[64,-50,0],"ix":2},"a":{"a":0,"k":[64,-50,0],"ix":1},"s":{"a":0,"k":[100,100,100],"ix":6}},"ao":0,"shapes":[{"ty":"gr","it":[{"ind":0,"ty":"sh","ix":1,"ks":{"a":0,"k":{"i":[[0,-49.153],[0,0],[49.153,0],[0,0],[0,49.153]],"o":[[0,0],[0,49.153],[0,0],[-49.153,0],[0,0]],"v":[[476,-217],[476,217],[387,306],[-387,306],[-476,217]],"c":true},"ix":2},"nm":"Path 1","mn":"ADBE Vector Shape - Group","hd":false},{"ty":"gf","o":{"a":0,"k":100,"ix":10},"r":1,"bm":0,"g":{"p":3,"k":{"a":0,"k":[0,0.639,0.816,0.925,0.188,0.466,0.668,0.812,1,0.294,0.521,0.698],"ix":9}},"s":{"a":0,"k":[515.197,-23],"ix":5},"e":{"a":0,"k":[87,-25],"ix":6},"t":1,"nm":"Gradient Fill 1","mn":"ADBE Vector Graphic - G-Fill","hd":false},{"ty":"tr","p":{"a":0,"k":[64,-50],"ix":2},"a":{"a":0,"k":[0,0],"ix":1},"s":{"a":0,"k":[100,100],"ix":3},"r":{"a":0,"k":0,"ix":6},"o":{"a":0,"k":100,"ix":7},"sk":{"a":0,"k":0,"ix":4},"sa":{"a":0,"k":0,"ix":5},"nm":"Transform"}],"nm":"Rectangle 1","np":3,"cix":2,"bm":0,"ix":1,"mn":"ADBE Vector Group","hd":false}],"ip":0,"op":125,"st":0,"bm":0},{"ddd":0,"ind":8,"ty":4,"nm":"Letter","parent":10,"sr":1,"ks":{"o":{"a":0,"k":100,"ix":11},"r":{"a":0,"k":0,"ix":10},"p":{"a":0,"k":[54,179,0],"ix":2},"a":{"a":0,"k":[0,0,0],"ix":1},"s":{"a":0,"k":[100,100,100],"ix":6}},"ao":0,"shapes":[{"ty":"gr","it":[{"ty":"gr","it":[{"ty":"gr","it":[{"ty":"rc","d":1,"s":{"a":0,"k":[714,66],"ix":2},"p":{"a":0,"k":[0,0],"ix":3},"r":{"a":0,"k":46,"ix":4},"nm":"Rectangle Path 1","mn":"ADBE Vector Shape - Rect","hd":false},{"ty":"fl","c":{"a":0,"k":[1,1,1,1],"ix":4},"o":{"a":0,"k":100,"ix":5},"r":1,"bm":0,"nm":"Fill 1","mn":"ADBE Vector Graphic - Fill","hd":false},{"ty":"tr","p":{"a":0,"k":[5,-589],"ix":2},"a":{"a":0,"k":[0,0],"ix":1},"s":{"a":0,"k":[100,100],"ix":3},"r":{"a":0,"k":0,"ix":6},"o":{"a":0,"k":100,"ix":7},"sk":{"a":0,"k":0,"ix":4},"sa":{"a":0,"k":0,"ix":5},"nm":"Transform"}],"nm":"Rectangle 1","np":3,"cix":2,"bm":0,"ix":1,"mn":"ADBE Vector Group","hd":false},{"ty":"gr","it":[{"ty":"rc","d":1,"s":{"a":0,"k":[714,66],"ix":2},"p":{"a":0,"k":[0,0],"ix":3},"r":{"a":0,"k":46,"ix":4},"nm":"Rectangle Path 1","mn":"ADBE Vector Shape - Rect","hd":false},{"ty":"fl","c":{"a":0,"k":[0.360784313725,0.282352941176,0.635294117647,1],"ix":4},"o":{"a":0,"k":100,"ix":5},"r":1,"bm":0,"nm":"Fill 1","mn":"ADBE Vector Graphic - Fill","hd":false},{"ty":"tr","p":{"a":0,"k":[5,-577],"ix":2},"a":{"a":0,"k":[0,0],"ix":1},"s":{"a":0,"k":[100,100],"ix":3},"r":{"a":0,"k":0,"ix":6},"o":{"a":0,"k":100,"ix":7},"sk":{"a":0,"k":0,"ix":4},"sa":{"a":0,"k":0,"ix":5},"nm":"Transform"}],"nm":"Rectangle 2","np":3,"cix":2,"bm":0,"ix":2,"mn":"ADBE Vector Group","hd":false},{"ty":"tr","p":{"a":1,"k":[{"i":{"x":0,"y":1},"o":{"x":0.05,"y":0},"t":69,"s":[-351,-471],"to":[0,-0.667],"ti":[0,0.667]},{"i":{"x":0,"y":0},"o":{"x":0.167,"y":0.167},"t":78,"s":[-351,-475],"to":[0,0],"ti":[0,0]},{"i":{"x":0.833,"y":1},"o":{"x":0.167,"y":0},"t":84,"s":[-351,-475],"to":[0,0.667],"ti":[0,-0.667]},{"t":92,"s":[-351,-471]}],"ix":2},"a":{"a":0,"k":[-351,-581],"ix":1},"s":{"a":1,"k":[{"i":{"x":[0,0],"y":[1,1]},"o":{"x":[0.05,0.05],"y":[0,0]},"t":69,"s":[0,100]},{"i":{"x":[0,0],"y":[1,1]},"o":{"x":[0.167,0.167],"y":[0,0]},"t":78,"s":[80,100]},{"i":{"x":[0.833,0.833],"y":[1,1]},"o":{"x":[0.167,0.167],"y":[0,0]},"t":84,"s":[80,100]},{"t":92,"s":[0,100]}],"ix":3},"r":{"a":0,"k":0,"ix":6},"o":{"a":0,"k":100,"ix":7},"sk":{"a":0,"k":0,"ix":4},"sa":{"a":0,"k":0,"ix":5},"nm":"Transform"}],"nm":"Group 2","np":2,"cix":2,"bm":0,"ix":1,"mn":"ADBE Vector Group","hd":false},{"ty":"gr","it":[{"ty":"gr","it":[{"ty":"rc","d":1,"s":{"a":0,"k":[714,66],"ix":2},"p":{"a":0,"k":[0,0],"ix":3},"r":{"a":0,"k":46,"ix":4},"nm":"Rectangle Path 1","mn":"ADBE Vector Shape - Rect","hd":false},{"ty":"fl","c":{"a":0,"k":[1,1,1,1],"ix":4},"o":{"a":0,"k":100,"ix":5},"r":1,"bm":0,"nm":"Fill 1","mn":"ADBE Vector Graphic - Fill","hd":false},{"ty":"tr","p":{"a":0,"k":[5,-589],"ix":2},"a":{"a":0,"k":[0,0],"ix":1},"s":{"a":0,"k":[100,100],"ix":3},"r":{"a":0,"k":0,"ix":6},"o":{"a":0,"k":100,"ix":7},"sk":{"a":0,"k":0,"ix":4},"sa":{"a":0,"k":0,"ix":5},"nm":"Transform"}],"nm":"Rectangle 1","np":3,"cix":2,"bm":0,"ix":1,"mn":"ADBE Vector Group","hd":false},{"ty":"gr","it":[{"ty":"rc","d":1,"s":{"a":0,"k":[714,66],"ix":2},"p":{"a":0,"k":[0,0],"ix":3},"r":{"a":0,"k":46,"ix":4},"nm":"Rectangle Path 1","mn":"ADBE Vector Shape - Rect","hd":false},{"ty":"fl","c":{"a":0,"k":[0.360784313725,0.282352941176,0.635294117647,1],"ix":4},"o":{"a":0,"k":100,"ix":5},"r":1,"bm":0,"nm":"Fill 1","mn":"ADBE Vector Graphic - Fill","hd":false},{"ty":"tr","p":{"a":0,"k":[5,-577],"ix":2},"a":{"a":0,"k":[0,0],"ix":1},"s":{"a":0,"k":[100,100],"ix":3},"r":{"a":0,"k":0,"ix":6},"o":{"a":0,"k":100,"ix":7},"sk":{"a":0,"k":0,"ix":4},"sa":{"a":0,"k":0,"ix":5},"nm":"Transform"}],"nm":"Rectangle 2","np":3,"cix":2,"bm":0,"ix":2,"mn":"ADBE Vector Group","hd":false},{"ty":"tr","p":{"a":1,"k":[{"i":{"x":0,"y":1},"o":{"x":0.05,"y":0},"t":60,"s":[-351,-471],"to":[0,-18.333],"ti":[0,18.333]},{"i":{"x":0,"y":0},"o":{"x":0.167,"y":0.167},"t":75,"s":[-351,-581],"to":[0,0],"ti":[0,0]},{"i":{"x":0.833,"y":1},"o":{"x":0.167,"y":0},"t":92,"s":[-351,-581],"to":[0,-1.5],"ti":[0,1.5]},{"t":100,"s":[-351,-590]}],"ix":2},"a":{"a":0,"k":[-351,-581],"ix":1},"s":{"a":1,"k":[{"i":{"x":[0,0],"y":[1,1]},"o":{"x":[0.05,0.05],"y":[0,0]},"t":60,"s":[0,100]},{"i":{"x":[0,0],"y":[1,1]},"o":{"x":[0.167,0.167],"y":[0,0]},"t":75,"s":[100,100]},{"i":{"x":[0.833,0.833],"y":[1,1]},"o":{"x":[0.167,0.167],"y":[0,0]},"t":92,"s":[100,100]},{"t":100,"s":[0,100]}],"ix":3},"r":{"a":0,"k":0,"ix":6},"o":{"a":0,"k":100,"ix":7},"sk":{"a":0,"k":0,"ix":4},"sa":{"a":0,"k":0,"ix":5},"nm":"Transform"}],"nm":"Group 1","np":2,"cix":2,"bm":0,"ix":2,"mn":"ADBE Vector Group","hd":false},{"ty":"tr","p":{"a":0,"k":[-29.098,-482.731],"ix":2},"a":{"a":0,"k":[-29.098,-522.731],"ix":1},"s":{"a":0,"k":[80,80],"ix":3},"r":{"a":0,"k":0,"ix":6},"o":{"a":0,"k":100,"ix":7},"sk":{"a":0,"k":0,"ix":4},"sa":{"a":0,"k":0,"ix":5},"nm":"Transform"}],"nm":"Text","np":2,"cix":2,"bm":0,"ix":1,"mn":"ADBE Vector Group","hd":false},{"ty":"gr","it":[{"ind":0,"ty":"sh","ix":1,"ks":{"a":1,"k":[{"i":{"x":0,"y":1},"o":{"x":0.05,"y":0},"t":50,"s":[{"i":[[0,-44.183],[0,0],[30.826,1.5],[0.12,0.062],[0,0],[-44.183,0],[0,0]],"o":[[0,0],[0.109,-0.25],[-30.826,-1.5],[0,0],[0,-44.183],[0,0],[44.183,0]],"v":[[382,293],[382,465.75],[-2.957,468.5],[-382,465.5],[-382,293],[-302,213],[302,213]],"c":true}]},{"i":{"x":0,"y":1},"o":{"x":0.05,"y":0},"t":75,"s":[{"i":[[0,-44.183],[0,0],[30.826,1.5],[0.12,0.062],[0,0],[-44.183,0],[0,0]],"o":[[0,0],[0.109,-0.25],[-30.826,-1.5],[0,0],[0,-44.183],[0,0],[44.183,0]],"v":[[382,-167],[382,5.75],[-2.5,192.5],[-382,5.5],[-382,-167],[-302,-247],[302,-247]],"c":true}]},{"i":{"x":0,"y":1},"o":{"x":0.05,"y":0},"t":100,"s":[{"i":[[0,-44.183],[0,0],[30.826,1.5],[0.12,0.062],[0,0],[-44.183,0],[0,0]],"o":[[0,0],[0.109,-0.25],[-30.826,-1.5],[0,0],[0,-44.183],[0,0],[44.183,0]],"v":[[382,-167],[382,5.75],[-2.5,192.5],[-382,5.5],[-382,-167],[-302,-247],[302,-247]],"c":true}]},{"t":106,"s":[{"i":[[0,-44.183],[0,0],[30.826,1.5],[0.12,0.062],[0,0],[-44.183,0],[0,0]],"o":[[0,0],[0.109,-0.25],[-30.826,-1.5],[0,0],[0,-44.183],[0,0],[44.183,0]],"v":[[382,293],[382,465.75],[-2.957,468.5],[-382,465.5],[-382,293],[-302,213],[302,213]],"c":true}]}],"ix":2},"nm":"Path 1","mn":"ADBE Vector Shape - Group","hd":false},{"ty":"gf","o":{"a":0,"k":100,"ix":10},"r":1,"bm":0,"g":{"p":3,"k":{"a":0,"k":[0.002,0.949,0.914,0.925,0.19,0.671,0.8,0.92,0.998,0.392,0.686,0.914],"ix":9}},"s":{"a":0,"k":[5.478,-450],"ix":5},"e":{"a":0,"k":[-9.565,2722],"ix":6},"t":1,"nm":"Gradient Fill 1","mn":"ADBE Vector Graphic - G-Fill","hd":false},{"ty":"tr","p":{"a":0,"k":[10,-441],"ix":2},"a":{"a":0,"k":[0,0],"ix":1},"s":{"a":0,"k":[109.524,100],"ix":3},"r":{"a":0,"k":0,"ix":6},"o":{"a":0,"k":100,"ix":7},"sk":{"a":0,"k":0,"ix":4},"sa":{"a":0,"k":0,"ix":5},"nm":"Transform"}],"nm":"Body","np":3,"cix":2,"bm":0,"ix":2,"mn":"ADBE Vector Group","hd":false}],"ip":0,"op":125,"st":0,"bm":0},{"ddd":0,"ind":9,"ty":4,"nm":"T T Shape","parent":7,"sr":1,"ks":{"o":{"a":0,"k":100,"ix":11},"r":{"a":0,"k":0,"ix":10},"p":{"a":0,"k":[64,-50,0],"ix":2},"a":{"a":0,"k":[64,-50,0],"ix":1},"s":{"a":0,"k":[100,100,100],"ix":6}},"ao":0,"shapes":[{"ty":"gr","it":[{"ind":0,"ty":"sh","ix":1,"ks":{"a":1,"k":[{"i":{"x":0,"y":1},"o":{"x":0.05,"y":0},"t":50,"s":[{"i":[[0,-49.153],[39.594,-17.184],[14.853,-0.381],[130.965,56.545],[0,0],[-49.153,0],[0,0]],"o":[[0,0],[-126.529,54.914],[-14.5,0.372],[-45.165,-19.5],[0,-49.153],[0,0],[49.153,0]],"v":[[476,-217],[410.588,-188.54],[2,-18],[-400.686,-184.381],[-476,-217],[-387,-306],[387,-306]],"c":true}]},{"i":{"x":0,"y":1},"o":{"x":0.05,"y":0},"t":75,"s":[{"i":[[0,-49.153],[64.4,39.076],[13.213,-0.339],[137.9,-81.958],[0,0],[-49.153,0],[0,0]],"o":[[0,0],[-135.339,-82.12],[-12.938,0.332],[-69.935,41.564],[0,-49.153],[0,0],[49.153,0]],"v":[[476,-217],[416.561,-364.924],[3.999,-564],[-391.924,-363.872],[-476,-217],[-387,-306],[387,-306]],"c":true}]},{"i":{"x":0,"y":1},"o":{"x":0.167,"y":0},"t":100,"s":[{"i":[[0,-49.153],[64.4,39.076],[13.213,-0.339],[137.9,-81.958],[0,0],[-49.153,0],[0,0]],"o":[[0,0],[-135.339,-82.12],[-12.938,0.332],[-69.935,41.564],[0,-49.153],[0,0],[49.153,0]],"v":[[476,-217],[416.561,-364.924],[3.999,-564],[-391.924,-363.872],[-476,-217],[-387,-306],[387,-306]],"c":true}]},{"t":113,"s":[{"i":[[0,-49.153],[39.594,-17.184],[14.853,-0.381],[130.965,56.545],[0,0],[-49.153,0],[0,0]],"o":[[0,0],[-126.529,54.914],[-14.5,0.372],[-45.165,-19.5],[0,-49.153],[0,0],[49.153,0]],"v":[[476,-217],[410.588,-188.54],[2,-18],[-400.686,-184.381],[-476,-217],[-387,-306],[387,-306]],"c":true}]}],"ix":2},"nm":"Path 1","mn":"ADBE Vector Shape - Group","hd":false},{"ty":"gf","o":{"a":0,"k":100,"ix":10},"r":1,"bm":0,"g":{"p":3,"k":{"a":0,"k":[0,0.596,0.596,0.867,0.188,0.478,0.439,0.751,1,0.361,0.282,0.635],"ix":9}},"s":{"a":0,"k":[2,56],"ix":5},"e":{"a":0,"k":[-2,-426],"ix":6},"t":1,"nm":"Gradient Fill 1","mn":"ADBE Vector Graphic - G-Fill","hd":false},{"ty":"tr","p":{"a":0,"k":[64,-50],"ix":2},"a":{"a":0,"k":[0,0],"ix":1},"s":{"a":0,"k":[100,100],"ix":3},"r":{"a":0,"k":0,"ix":6},"o":{"a":0,"k":100,"ix":7},"sk":{"a":0,"k":0,"ix":4},"sa":{"a":0,"k":0,"ix":5},"nm":"Transform"}],"nm":"Rectangle 1","np":3,"cix":2,"bm":0,"ix":1,"mn":"ADBE Vector Group","hd":false}],"ip":0,"op":125,"st":0,"bm":0},{"ddd":0,"ind":10,"ty":4,"nm":"B Body","sr":1,"ks":{"o":{"a":0,"k":100,"ix":11},"r":{"a":0,"k":0,"ix":10},"p":{"a":1,"k":[{"i":{"x":0.033,"y":1},"o":{"x":0.079,"y":0},"t":0,"s":[800,596,0],"to":[0,0,0],"ti":[0,0,0]},{"i":{"x":0,"y":1},"o":{"x":0.256,"y":0},"t":50,"s":[800,543,0],"to":[0,0,0],"ti":[0,-32,0]},{"i":{"x":0,"y":0},"o":{"x":0.05,"y":0.05},"t":75,"s":[800,735,0],"to":[0,0,0],"ti":[0,0,0]},{"i":{"x":0,"y":1},"o":{"x":0.05,"y":0},"t":100,"s":[800,735,0],"to":[0,-23.167,0],"ti":[0,0,0]},{"t":124,"s":[800,596,0]}],"ix":2},"a":{"a":0,"k":[64,-50,0],"ix":1},"s":{"a":0,"k":[66,66,100],"ix":6}},"ao":0,"shapes":[{"ty":"gr","it":[{"ty":"rc","d":1,"s":{"a":0,"k":[952,612],"ix":2},"p":{"a":0,"k":[0,0],"ix":3},"r":{"a":0,"k":89,"ix":4},"nm":"Rectangle Path 1","mn":"ADBE Vector Shape - Rect","hd":false},{"ty":"gf","o":{"a":0,"k":100,"ix":10},"r":1,"bm":0,"g":{"p":3,"k":{"a":0,"k":[0,0.596,0.596,0.867,0.188,0.478,0.439,0.751,1,0.361,0.282,0.635],"ix":9}},"s":{"a":0,"k":[8,2.286],"ix":5},"e":{"a":0,"k":[-0.163,-681.633],"ix":6},"t":1,"nm":"Gradient Fill 1","mn":"ADBE Vector Graphic - G-Fill","hd":false},{"ty":"tr","p":{"a":0,"k":[64,-50],"ix":2},"a":{"a":0,"k":[0,0],"ix":1},"s":{"a":0,"k":[100,100],"ix":3},"r":{"a":0,"k":0,"ix":6},"o":{"a":0,"k":100,"ix":7},"sk":{"a":0,"k":0,"ix":4},"sa":{"a":0,"k":0,"ix":5},"nm":"Transform"}],"nm":"Rectangle 1","np":3,"cix":2,"bm":0,"ix":1,"mn":"ADBE Vector Group","hd":false}],"ip":0,"op":125,"st":0,"bm":0},{"ddd":0,"ind":11,"ty":4,"nm":"Shadow","sr":1,"ks":{"o":{"a":0,"k":100,"ix":11},"r":{"a":0,"k":0,"ix":10},"p":{"a":0,"k":[785.875,726.97,0],"ix":2},"a":{"a":0,"k":[0,0,0],"ix":1},"s":{"a":0,"k":[50.828,52.25,100],"ix":6}},"ao":0,"shapes":[{"ty":"gr","it":[{"d":1,"ty":"el","s":{"a":1,"k":[{"i":{"x":[0.833,0.833],"y":[1,1]},"o":{"x":[0.167,0.167],"y":[0,0]},"t":0,"s":[1733.429,112.006]},{"i":{"x":[0.833,0.833],"y":[1,1]},"o":{"x":[0.167,0.167],"y":[0,0]},"t":50,"s":[1439.381,93.006]},{"i":{"x":[0.833,0.833],"y":[1,1]},"o":{"x":[0.167,0.167],"y":[0,0]},"t":75,"s":[1260.476,81.446]},{"i":{"x":[0.833,0.833],"y":[1,1]},"o":{"x":[0.167,0.167],"y":[0,0]},"t":100,"s":[1260.476,81.446]},{"t":124,"s":[1733.429,112.006]}],"ix":2},"p":{"a":0,"k":[0,0],"ix":3},"nm":"Ellipse Path 1","mn":"ADBE Vector Shape - Ellipse","hd":false},{"ty":"fl","c":{"a":0,"k":[0.384313755409,0.682352941176,0.913725550034,1],"ix":4},"o":{"a":0,"k":100,"ix":5},"r":1,"bm":0,"nm":"Fill 1","mn":"ADBE Vector Graphic - Fill","hd":false},{"ty":"tr","p":{"a":0,"k":[22,486],"ix":2},"a":{"a":0,"k":[0,0],"ix":1},"s":{"a":0,"k":[100,100],"ix":3},"r":{"a":0,"k":0,"ix":6},"o":{"a":0,"k":100,"ix":7},"sk":{"a":0,"k":0,"ix":4},"sa":{"a":0,"k":0,"ix":5},"nm":"Transform"}],"nm":"Ellipse 1","np":3,"cix":2,"bm":0,"ix":1,"mn":"ADBE Vector Group","hd":false}],"ip":0,"op":125,"st":0,"bm":0},{"ddd":0,"ind":12,"ty":4,"nm":"P Plane Entry","sr":1,"ks":{"o":{"a":0,"k":100,"ix":11},"r":{"a":0,"k":0,"ix":10},"p":{"a":0,"k":[1489,256,0],"ix":2},"a":{"a":0,"k":[0,0,0],"ix":1},"s":{"a":0,"k":[-100,100,100],"ix":6}},"ao":0,"shapes":[{"ty":"gr","it":[{"ind":0,"ty":"sh","ix":1,"ks":{"a":1,"k":[{"i":{"x":0.833,"y":0.833},"o":{"x":0.167,"y":0.167},"t":0,"s":[{"i":[[32,42],[-47.824,-37.428],[-64,-30]],"o":[[-32,-42],[46,36],[54.358,25.48]],"v":[[-282,220],[-716,356],[-554,452]],"c":true}]},{"i":{"x":0.833,"y":0.833},"o":{"x":0.167,"y":0.167},"t":3.9,"s":[{"i":[[32,42],[-47.824,-37.428],[-64,-30]],"o":[[-32,-42],[46,36],[54.358,25.48]],"v":[[362,12],[-72,148],[90,244]],"c":true}]},{"i":{"x":0.833,"y":0.833},"o":{"x":0.167,"y":0.167},"t":7.5,"s":[{"i":[[32,42],[-47.824,-37.428],[-64,-30]],"o":[[-32,-42],[46,36],[54.358,25.48]],"v":[[652,-114],[202,-66],[346,28]],"c":true}]},{"i":{"x":0.833,"y":0.833},"o":{"x":0.167,"y":0.167},"t":11.4,"s":[{"i":[[12.547,23.421],[7.393,-9.505],[-29,-8]],"o":[[-15,-28],[-14,18],[57.872,15.965]],"v":[[854,-61],[575,-123],[596,-53]],"c":true}]},{"i":{"x":0,"y":1},"o":{"x":0.167,"y":0.167},"t":15,"s":[{"i":[[12.547,23.421],[7.393,-9.505],[-29,-8]],"o":[[-15,-28],[-14,18],[57.872,15.965]],"v":[[914,59],[739,-67],[760,3]],"c":true}]},{"t":40,"s":[{"i":[[12.547,23.422],[7.393,-9.505],[-29,-8]],"o":[[-15,-28],[-14,18],[57.872,15.965]],"v":[[1832,489],[1638,431],[1659,501]],"c":true}]}],"ix":2},"nm":"Path 1","mn":"ADBE Vector Shape - Group","hd":false},{"ty":"gf","o":{"a":0,"k":100,"ix":10},"r":1,"bm":0,"g":{"p":3,"k":{"a":0,"k":[0,0.973,0.737,0.753,0.188,0.951,0.561,0.624,1,0.929,0.384,0.494],"ix":9}},"s":{"a":1,"k":[{"i":{"x":0.833,"y":0.833},"o":{"x":0.167,"y":0.167},"t":0,"s":[172,32],"to":[44.333,-20.667],"ti":[-44.333,20.667]},{"t":6.6962890625,"s":[438,-92]}],"ix":5},"e":{"a":1,"k":[{"i":{"x":0.833,"y":0.833},"o":{"x":0.167,"y":0.167},"t":0,"s":[246,208],"to":[42,-13.333],"ti":[-42,13.333]},{"t":6.6962890625,"s":[498,128]}],"ix":6},"t":1,"nm":"Gradient Fill 1","mn":"ADBE Vector Graphic - G-Fill","hd":false},{"ty":"tr","p":{"a":0,"k":[0,0],"ix":2},"a":{"a":0,"k":[0,0],"ix":1},"s":{"a":0,"k":[100,100],"ix":3},"r":{"a":0,"k":0,"ix":6},"o":{"a":0,"k":100,"ix":7},"sk":{"a":0,"k":0,"ix":4},"sa":{"a":0,"k":0,"ix":5},"nm":"Transform"}],"nm":"M W","np":3,"cix":2,"bm":0,"ix":1,"mn":"ADBE Vector Group","hd":false},{"ty":"gr","it":[{"ind":0,"ty":"sh","ix":1,"ks":{"a":1,"k":[{"i":{"x":0.833,"y":0.833},"o":{"x":0.167,"y":0.167},"t":0,"s":[{"i":[[48.028,52.204],[-58.364,-26.937],[-20.577,-23.123]],"o":[[-46,-50],[26,12],[26.419,29.688]],"v":[[-142,244],[-682,292],[-583.423,373.123]],"c":true}]},{"i":{"x":0.833,"y":0.833},"o":{"x":0.167,"y":0.167},"t":3.9,"s":[{"i":[[48.028,52.204],[-58.364,-26.937],[-20.577,-23.123]],"o":[[-46,-50],[26,12],[26.419,29.688]],"v":[[502,36],[-38,84],[60.577,165.123]],"c":true}]},{"i":{"x":0.833,"y":0.833},"o":{"x":0.167,"y":0.167},"t":7.5,"s":[{"i":[[48.028,52.204],[-58.364,-26.937],[-20.577,-23.123]],"o":[[-46,-50],[26,12],[26.419,29.688]],"v":[[786,-90],[258,-120],[334.577,-48.877]],"c":true}]},{"i":{"x":0.833,"y":0.833},"o":{"x":0.167,"y":0.167},"t":11.4,"s":[{"i":[[48.028,52.204],[16.856,-7.866],[-10.814,-6.385]],"o":[[-46,-50],[-15,7],[18.423,10.877]],"v":[[990,-40],[722,-146],[712.577,-98.877]],"c":true}]},{"i":{"x":0,"y":1},"o":{"x":0.167,"y":0.167},"t":15,"s":[{"i":[[48.028,52.204],[16.856,-7.866],[-10.814,-6.385]],"o":[[-46,-50],[-15,7],[18.423,10.877]],"v":[[1050,80],[886,-90],[876.577,-42.877]],"c":true}]},{"t":40,"s":[{"i":[[48.028,52.204],[16.856,-7.866],[-10.814,-6.385]],"o":[[-46,-50],[-15,7],[18.423,10.877]],"v":[[1968,510],[1785,408],[1775.577,455.123]],"c":true}]}],"ix":2},"nm":"Path 1","mn":"ADBE Vector Shape - Group","hd":false},{"ty":"gf","o":{"a":0,"k":100,"ix":10},"r":1,"bm":0,"g":{"p":3,"k":{"a":0,"k":[0,0.973,0.737,0.753,0.188,0.951,0.561,0.624,1,0.929,0.384,0.494],"ix":9}},"s":{"a":1,"k":[{"i":{"x":0.833,"y":0.833},"o":{"x":0.167,"y":0.167},"t":0,"s":[242,-10],"to":[27,-14.333],"ti":[-27,14.333]},{"t":6.6962890625,"s":[404,-96]}],"ix":5},"e":{"a":1,"k":[{"i":{"x":0.833,"y":0.833},"o":{"x":0.167,"y":0.167},"t":0,"s":[274,134],"to":[22,-18.667],"ti":[-22,18.667]},{"t":6.6962890625,"s":[406,22]}],"ix":6},"t":1,"nm":"Gradient Fill 1","mn":"ADBE Vector Graphic - G-Fill","hd":false},{"ty":"tr","p":{"a":0,"k":[-136,-26],"ix":2},"a":{"a":0,"k":[0,0],"ix":1},"s":{"a":0,"k":[100,100],"ix":3},"r":{"a":0,"k":0,"ix":6},"o":{"a":0,"k":100,"ix":7},"sk":{"a":0,"k":0,"ix":4},"sa":{"a":0,"k":0,"ix":5},"nm":"Transform"}],"nm":"R W","np":3,"cix":2,"bm":0,"ix":2,"mn":"ADBE Vector Group","hd":false},{"ty":"gr","it":[{"ind":0,"ty":"sh","ix":1,"ks":{"a":1,"k":[{"i":{"x":0.833,"y":0.833},"o":{"x":0.167,"y":0.167},"t":0,"s":[{"i":[[0,0],[0,0],[0,0]],"o":[[0,0],[0,0],[0,0]],"v":[[-284,224],[-720,346],[-722,482]],"c":true}]},{"i":{"x":0.833,"y":0.833},"o":{"x":0.167,"y":0.167},"t":3.9,"s":[{"i":[[0,0],[0,0],[0,0]],"o":[[0,0],[0,0],[0,0]],"v":[[360,16],[-76,138],[-78,274]],"c":true}]},{"i":{"x":0.833,"y":0.833},"o":{"x":0.167,"y":0.167},"t":7.5,"s":[{"i":[[0,0],[0,0],[0,0]],"o":[[0,0],[0,0],[0,0]],"v":[[652,-126],[198,-76],[184,26]],"c":true}]},{"i":{"x":0.833,"y":0.833},"o":{"x":0.167,"y":0.167},"t":11.4,"s":[{"i":[[0,0],[0,0],[0,0]],"o":[[0,0],[0,0],[0,0]],"v":[[852,-61],[577,-126],[533,-78]],"c":true}]},{"i":{"x":0,"y":1},"o":{"x":0.167,"y":0.167},"t":15,"s":[{"i":[[0,0],[0,0],[0,0]],"o":[[0,0],[0,0],[0,0]],"v":[[912,59],[741,-70],[697,-22]],"c":true}]},{"t":40,"s":[{"i":[[0,0],[0,0],[0,0]],"o":[[0,0],[0,0],[0,0]],"v":[[1830,489],[1640,428],[1596,476]],"c":true}]}],"ix":2},"nm":"Path 1","mn":"ADBE Vector Shape - Group","hd":false},{"ty":"gf","o":{"a":0,"k":100,"ix":10},"r":1,"bm":0,"g":{"p":3,"k":{"a":0,"k":[0,0.973,0.737,0.753,0.188,0.951,0.561,0.624,1,0.929,0.384,0.494],"ix":9}},"s":{"a":1,"k":[{"i":{"x":0.833,"y":0.833},"o":{"x":0.167,"y":0.167},"t":0,"s":[-54,262],"to":[47.667,-36],"ti":[-47.667,36]},{"t":6.6962890625,"s":[232,46]}],"ix":5},"e":{"a":1,"k":[{"i":{"x":0.833,"y":0.833},"o":{"x":0.167,"y":0.167},"t":0,"s":[-10,122],"to":[37.667,-30],"ti":[-37.667,30]},{"t":6.6962890625,"s":[216,-58]}],"ix":6},"t":1,"nm":"Gradient Fill 1","mn":"ADBE Vector Graphic - G-Fill","hd":false},{"ty":"tr","p":{"a":0,"k":[0,0],"ix":2},"a":{"a":0,"k":[0,0],"ix":1},"s":{"a":0,"k":[100,100],"ix":3},"r":{"a":0,"k":0,"ix":6},"o":{"a":0,"k":100,"ix":7},"sk":{"a":0,"k":0,"ix":4},"sa":{"a":0,"k":0,"ix":5},"nm":"Transform"}],"nm":"L W","np":3,"cix":2,"bm":0,"ix":3,"mn":"ADBE Vector Group","hd":false}],"ip":0,"op":125,"st":0,"bm":0},{"ddd":0,"ind":13,"ty":4,"nm":"AirPlane Shadow","sr":1,"ks":{"o":{"a":0,"k":10,"ix":11},"r":{"a":0,"k":25,"ix":10},"p":{"a":0,"k":[1489,1176,0],"ix":2},"a":{"a":0,"k":[0,0,0],"ix":1},"s":{"a":0,"k":[-100,100,100],"ix":6}},"ao":0,"shapes":[{"ty":"gr","it":[{"ind":0,"ty":"sh","ix":1,"ks":{"a":1,"k":[{"i":{"x":0.833,"y":0.833},"o":{"x":0.167,"y":0.167},"t":0,"s":[{"i":[[32,42],[-47.824,-37.428],[-64,-30]],"o":[[-32,-42],[46,36],[54.358,25.48]],"v":[[-282,220],[-716,356],[-554,452]],"c":true}]},{"i":{"x":0.833,"y":0.833},"o":{"x":0.167,"y":0.167},"t":3.9,"s":[{"i":[[32,42],[-47.824,-37.428],[-64,-30]],"o":[[-32,-42],[46,36],[54.358,25.48]],"v":[[362,12],[-72,148],[90,244]],"c":true}]},{"i":{"x":0.833,"y":0.833},"o":{"x":0.167,"y":0.167},"t":7.5,"s":[{"i":[[32,42],[-47.824,-37.428],[-64,-30]],"o":[[-32,-42],[46,36],[54.358,25.48]],"v":[[652,-114],[202,-66],[346,28]],"c":true}]},{"i":{"x":0.833,"y":0.833},"o":{"x":0.167,"y":0.167},"t":11.4,"s":[{"i":[[12.547,23.421],[7.393,-9.505],[-29,-8]],"o":[[-15,-28],[-14,18],[57.872,15.965]],"v":[[854,-61],[575,-123],[596,-53]],"c":true}]},{"i":{"x":0,"y":1},"o":{"x":0.167,"y":0.167},"t":15,"s":[{"i":[[12.547,23.421],[7.393,-9.505],[-29,-8]],"o":[[-15,-28],[-14,18],[57.872,15.965]],"v":[[914,59],[739,-67],[760,3]],"c":true}]},{"t":40,"s":[{"i":[[12.547,23.422],[7.393,-9.505],[-29,-8]],"o":[[-15,-28],[-14,18],[57.872,15.965]],"v":[[1832,489],[1638,431],[1659,501]],"c":true}]}],"ix":2},"nm":"Path 1","mn":"ADBE Vector Shape - Group","hd":false},{"ty":"fl","c":{"a":0,"k":[0,0,0,1],"ix":4},"o":{"a":0,"k":100,"ix":5},"r":1,"bm":0,"nm":"Fill 1","mn":"ADBE Vector Graphic - Fill","hd":false},{"ty":"tr","p":{"a":0,"k":[0,0],"ix":2},"a":{"a":0,"k":[0,0],"ix":1},"s":{"a":0,"k":[100,100],"ix":3},"r":{"a":0,"k":0,"ix":6},"o":{"a":0,"k":100,"ix":7},"sk":{"a":0,"k":0,"ix":4},"sa":{"a":0,"k":0,"ix":5},"nm":"Transform"}],"nm":"M W","np":3,"cix":2,"bm":0,"ix":1,"mn":"ADBE Vector Group","hd":false},{"ty":"gr","it":[{"ind":0,"ty":"sh","ix":1,"ks":{"a":1,"k":[{"i":{"x":0.833,"y":0.833},"o":{"x":0.167,"y":0.167},"t":0,"s":[{"i":[[48.028,52.204],[-58.364,-26.937],[-20.577,-23.123]],"o":[[-46,-50],[26,12],[26.419,29.688]],"v":[[-142,244],[-682,292],[-583.423,373.123]],"c":true}]},{"i":{"x":0.833,"y":0.833},"o":{"x":0.167,"y":0.167},"t":3.9,"s":[{"i":[[48.028,52.204],[-58.364,-26.937],[-20.577,-23.123]],"o":[[-46,-50],[26,12],[26.419,29.688]],"v":[[502,36],[-38,84],[60.577,165.123]],"c":true}]},{"i":{"x":0.833,"y":0.833},"o":{"x":0.167,"y":0.167},"t":7.5,"s":[{"i":[[48.028,52.204],[-58.364,-26.937],[-20.577,-23.123]],"o":[[-46,-50],[26,12],[26.419,29.688]],"v":[[786,-90],[258,-120],[334.577,-48.877]],"c":true}]},{"i":{"x":0.833,"y":0.833},"o":{"x":0.167,"y":0.167},"t":11.4,"s":[{"i":[[48.028,52.204],[16.856,-7.866],[-10.814,-6.385]],"o":[[-46,-50],[-15,7],[18.423,10.877]],"v":[[990,-40],[722,-146],[712.577,-98.877]],"c":true}]},{"i":{"x":0,"y":1},"o":{"x":0.167,"y":0.167},"t":15,"s":[{"i":[[48.028,52.204],[16.856,-7.866],[-10.814,-6.385]],"o":[[-46,-50],[-15,7],[18.423,10.877]],"v":[[1050,80],[886,-90],[876.577,-42.877]],"c":true}]},{"t":40,"s":[{"i":[[48.028,52.204],[16.856,-7.866],[-10.814,-6.385]],"o":[[-46,-50],[-15,7],[18.423,10.877]],"v":[[1968,510],[1785,408],[1775.577,455.123]],"c":true}]}],"ix":2},"nm":"Path 1","mn":"ADBE Vector Shape - Group","hd":false},{"ty":"fl","c":{"a":0,"k":[0,0,0,1],"ix":4},"o":{"a":0,"k":100,"ix":5},"r":1,"bm":0,"nm":"Fill 1","mn":"ADBE Vector Graphic - Fill","hd":false},{"ty":"tr","p":{"a":0,"k":[-136,-26],"ix":2},"a":{"a":0,"k":[0,0],"ix":1},"s":{"a":0,"k":[100,100],"ix":3},"r":{"a":0,"k":0,"ix":6},"o":{"a":0,"k":100,"ix":7},"sk":{"a":0,"k":0,"ix":4},"sa":{"a":0,"k":0,"ix":5},"nm":"Transform"}],"nm":"R W","np":3,"cix":2,"bm":0,"ix":2,"mn":"ADBE Vector Group","hd":false},{"ty":"gr","it":[{"ind":0,"ty":"sh","ix":1,"ks":{"a":1,"k":[{"i":{"x":0.833,"y":0.833},"o":{"x":0.167,"y":0.167},"t":0,"s":[{"i":[[0,0],[0,0],[0,0]],"o":[[0,0],[0,0],[0,0]],"v":[[-284,224],[-720,346],[-722,482]],"c":true}]},{"i":{"x":0.833,"y":0.833},"o":{"x":0.167,"y":0.167},"t":3.9,"s":[{"i":[[0,0],[0,0],[0,0]],"o":[[0,0],[0,0],[0,0]],"v":[[360,16],[-76,138],[-78,274]],"c":true}]},{"i":{"x":0.833,"y":0.833},"o":{"x":0.167,"y":0.167},"t":7.5,"s":[{"i":[[0,0],[0,0],[0,0]],"o":[[0,0],[0,0],[0,0]],"v":[[652,-126],[198,-76],[184,26]],"c":true}]},{"i":{"x":0.833,"y":0.833},"o":{"x":0.167,"y":0.167},"t":11.4,"s":[{"i":[[0,0],[0,0],[0,0]],"o":[[0,0],[0,0],[0,0]],"v":[[852,-61],[577,-126],[533,-78]],"c":true}]},{"i":{"x":0,"y":1},"o":{"x":0.167,"y":0.167},"t":15,"s":[{"i":[[0,0],[0,0],[0,0]],"o":[[0,0],[0,0],[0,0]],"v":[[912,59],[741,-70],[697,-22]],"c":true}]},{"t":40,"s":[{"i":[[0,0],[0,0],[0,0]],"o":[[0,0],[0,0],[0,0]],"v":[[1830,489],[1640,428],[1596,476]],"c":true}]}],"ix":2},"nm":"Path 1","mn":"ADBE Vector Shape - Group","hd":false},{"ty":"fl","c":{"a":0,"k":[0,0,0,1],"ix":4},"o":{"a":0,"k":100,"ix":5},"r":1,"bm":0,"nm":"Fill 1","mn":"ADBE Vector Graphic - Fill","hd":false},{"ty":"tr","p":{"a":0,"k":[0,0],"ix":2},"a":{"a":0,"k":[0,0],"ix":1},"s":{"a":0,"k":[100,100],"ix":3},"r":{"a":0,"k":0,"ix":6},"o":{"a":0,"k":100,"ix":7},"sk":{"a":0,"k":0,"ix":4},"sa":{"a":0,"k":0,"ix":5},"nm":"Transform"}],"nm":"L W","np":3,"cix":2,"bm":0,"ix":3,"mn":"ADBE Vector Group","hd":false}],"ip":0,"op":125,"st":0,"bm":0},{"ddd":0,"ind":14,"ty":4,"nm":"Speed Line 2","sr":1,"ks":{"o":{"a":0,"k":100,"ix":11},"r":{"a":0,"k":0,"ix":10},"p":{"a":0,"k":[392,492,0],"ix":2},"a":{"a":0,"k":[0,0,0],"ix":1},"s":{"a":0,"k":[100,100,100],"ix":6}},"ao":0,"shapes":[{"ty":"gr","it":[{"ind":0,"ty":"sh","ix":1,"ks":{"a":0,"k":{"i":[[0,0],[0,0]],"o":[[0,0],[0,0]],"v":[[1038.188,-582.696],[388.84,-345.967]],"c":false},"ix":2},"nm":"Path 1","mn":"ADBE Vector Shape - Group","hd":false},{"ty":"tm","s":{"a":1,"k":[{"i":{"x":[0],"y":[1]},"o":{"x":[0.05],"y":[0]},"t":7,"s":[0]},{"i":{"x":[0],"y":[1]},"o":{"x":[0.05],"y":[0]},"t":21,"s":[100]},{"t":22,"s":[100]}],"ix":1},"e":{"a":1,"k":[{"i":{"x":[0],"y":[1]},"o":{"x":[0.05],"y":[0]},"t":7,"s":[0]},{"i":{"x":[0],"y":[1]},"o":{"x":[0.05],"y":[0]},"t":21,"s":[90]},{"t":22,"s":[100]}],"ix":2},"o":{"a":0,"k":0,"ix":3},"m":1,"ix":2,"nm":"Trim Paths 1","mn":"ADBE Vector Filter - Trim","hd":false},{"ty":"st","c":{"a":0,"k":[0.949019667682,0.913725550034,0.925490255917,1],"ix":3},"o":{"a":0,"k":100,"ix":4},"w":{"a":0,"k":10,"ix":5},"lc":2,"lj":1,"ml":4,"bm":0,"nm":"Stroke 1","mn":"ADBE Vector Graphic - Stroke","hd":false},{"ty":"tr","p":{"a":0,"k":[60,90],"ix":2},"a":{"a":0,"k":[0,0],"ix":1},"s":{"a":0,"k":[100,100],"ix":3},"r":{"a":0,"k":0,"ix":6},"o":{"a":0,"k":100,"ix":7},"sk":{"a":0,"k":0,"ix":4},"sa":{"a":0,"k":0,"ix":5},"nm":"Transform"}],"nm":"Shape 3","np":4,"cix":2,"bm":0,"ix":1,"mn":"ADBE Vector Group","hd":false},{"ty":"gr","it":[{"ind":0,"ty":"sh","ix":1,"ks":{"a":0,"k":{"i":[[0,0],[0,0]],"o":[[0,0],[0,0]],"v":[[1183.845,-210.807],[608.575,-355.227]],"c":false},"ix":2},"nm":"Path 1","mn":"ADBE Vector Shape - Group","hd":false},{"ty":"tm","s":{"a":1,"k":[{"i":{"x":[0],"y":[1]},"o":{"x":[0.05],"y":[0]},"t":9,"s":[0]},{"i":{"x":[0],"y":[1]},"o":{"x":[0.05],"y":[0]},"t":23,"s":[100]},{"t":24,"s":[100]}],"ix":1},"e":{"a":1,"k":[{"i":{"x":[0],"y":[1]},"o":{"x":[0.05],"y":[0]},"t":9,"s":[0]},{"i":{"x":[0],"y":[1]},"o":{"x":[0.05],"y":[0]},"t":23,"s":[90]},{"t":24,"s":[100]}],"ix":2},"o":{"a":0,"k":0,"ix":3},"m":1,"ix":2,"nm":"Trim Paths 1","mn":"ADBE Vector Filter - Trim","hd":false},{"ty":"st","c":{"a":0,"k":[0.949019667682,0.913725550034,0.925490255917,1],"ix":3},"o":{"a":0,"k":100,"ix":4},"w":{"a":0,"k":10,"ix":5},"lc":2,"lj":1,"ml":4,"bm":0,"nm":"Stroke 1","mn":"ADBE Vector Graphic - Stroke","hd":false},{"ty":"tr","p":{"a":0,"k":[60,90],"ix":2},"a":{"a":0,"k":[0,0],"ix":1},"s":{"a":0,"k":[100,100],"ix":3},"r":{"a":0,"k":0,"ix":6},"o":{"a":0,"k":100,"ix":7},"sk":{"a":0,"k":0,"ix":4},"sa":{"a":0,"k":0,"ix":5},"nm":"Transform"}],"nm":"Shape 2","np":4,"cix":2,"bm":0,"ix":2,"mn":"ADBE Vector Group","hd":false},{"ty":"gr","it":[{"ind":0,"ty":"sh","ix":1,"ks":{"a":0,"k":{"i":[[0,0],[0,0]],"o":[[0,0],[0,0]],"v":[[1155.845,145.193],[590.785,-238.674]],"c":false},"ix":2},"nm":"Path 1","mn":"ADBE Vector Shape - Group","hd":false},{"ty":"tm","s":{"a":1,"k":[{"i":{"x":[0],"y":[1]},"o":{"x":[0.05],"y":[0]},"t":4,"s":[0]},{"i":{"x":[0],"y":[1]},"o":{"x":[0.05],"y":[0]},"t":18,"s":[100]},{"t":19,"s":[100]}],"ix":1},"e":{"a":1,"k":[{"i":{"x":[0],"y":[1]},"o":{"x":[0.05],"y":[0]},"t":4,"s":[0]},{"i":{"x":[0],"y":[1]},"o":{"x":[0.05],"y":[0]},"t":18,"s":[90]},{"t":19,"s":[100]}],"ix":2},"o":{"a":0,"k":0,"ix":3},"m":1,"ix":2,"nm":"Trim Paths 1","mn":"ADBE Vector Filter - Trim","hd":false},{"ty":"st","c":{"a":0,"k":[0.949019667682,0.913725550034,0.925490255917,1],"ix":3},"o":{"a":0,"k":100,"ix":4},"w":{"a":0,"k":10,"ix":5},"lc":2,"lj":1,"ml":4,"bm":0,"nm":"Stroke 1","mn":"ADBE Vector Graphic - Stroke","hd":false},{"ty":"tr","p":{"a":0,"k":[0,0],"ix":2},"a":{"a":0,"k":[0,0],"ix":1},"s":{"a":0,"k":[100,100],"ix":3},"r":{"a":0,"k":0,"ix":6},"o":{"a":0,"k":100,"ix":7},"sk":{"a":0,"k":0,"ix":4},"sa":{"a":0,"k":0,"ix":5},"nm":"Transform"}],"nm":"Shape 1","np":4,"cix":2,"bm":0,"ix":3,"mn":"ADBE Vector Group","hd":false}],"ip":0,"op":30,"st":-74,"bm":0},{"ddd":0,"ind":15,"ty":4,"nm":"Clouds","sr":1,"ks":{"o":{"a":0,"k":100,"ix":11},"r":{"a":0,"k":0,"ix":10},"p":{"a":0,"k":[1361.248,340.066,0],"ix":2},"a":{"a":0,"k":[213.248,-243.934,0],"ix":1},"s":{"a":0,"k":[100,100,100],"ix":6}},"ao":0,"shapes":[{"ty":"gr","it":[{"ind":0,"ty":"sh","ix":1,"ks":{"a":0,"k":{"i":[[53.525,0.884],[0,0],[0,0],[36.166,-0.265],[21.669,-70.508]],"o":[[-139.279,-2.3],[0,0],[0,-62.282],[-43.892,0.322],[0,-86.188]],"v":[[248.475,-448.884],[131.492,-301.658],[525.967,-301.657],[435.834,-407.735],[340.331,-331.492]],"c":true},"ix":2},"nm":"Path 1","mn":"ADBE Vector Shape - Group","hd":false},{"ty":"fl","c":{"a":0,"k":[0.764705882353,0.901745306277,1,1],"ix":4},"o":{"a":0,"k":100,"ix":5},"r":1,"bm":0,"nm":"Fill 1","mn":"ADBE Vector Graphic - Fill","hd":false},{"ty":"tr","p":{"a":0,"k":[-1014,-200],"ix":2},"a":{"a":0,"k":[0,0],"ix":1},"s":{"a":0,"k":[31.797,31.797],"ix":3},"r":{"a":0,"k":0,"ix":6},"o":{"a":0,"k":100,"ix":7},"sk":{"a":0,"k":0,"ix":4},"sa":{"a":0,"k":0,"ix":5},"nm":"Transform"}],"nm":"Shape 2","np":3,"cix":2,"bm":0,"ix":1,"mn":"ADBE Vector Group","hd":false},{"ty":"gr","it":[{"ind":0,"ty":"sh","ix":1,"ks":{"a":0,"k":{"i":[[53.525,0.884],[0,0],[0,0],[36.166,-0.265],[21.669,-70.508]],"o":[[-139.279,-2.3],[0,0],[0,-62.282],[-43.892,0.322],[0,-86.188]],"v":[[248.475,-448.884],[131.492,-301.658],[525.967,-301.657],[435.834,-407.735],[340.331,-331.492]],"c":true},"ix":2},"nm":"Path 1","mn":"ADBE Vector Shape - Group","hd":false},{"ty":"fl","c":{"a":0,"k":[0.764705882353,0.901745306277,1,1],"ix":4},"o":{"a":0,"k":100,"ix":5},"r":1,"bm":0,"nm":"Fill 1","mn":"ADBE Vector Graphic - Fill","hd":false},{"ty":"tr","p":{"a":0,"k":[90,-330],"ix":2},"a":{"a":0,"k":[0,0],"ix":1},"s":{"a":0,"k":[39.411,39.411],"ix":3},"r":{"a":0,"k":0,"ix":6},"o":{"a":0,"k":100,"ix":7},"sk":{"a":0,"k":0,"ix":4},"sa":{"a":0,"k":0,"ix":5},"nm":"Transform"}],"nm":"Shape 1","np":3,"cix":2,"bm":0,"ix":2,"mn":"ADBE Vector Group","hd":false}],"ip":0,"op":125,"st":0,"bm":0},{"ddd":0,"ind":16,"ty":4,"nm":"Trees","sr":1,"ks":{"o":{"a":0,"k":100,"ix":11},"r":{"a":0,"k":0,"ix":10},"p":{"a":0,"k":[327.713,724.521,0],"ix":2},"a":{"a":0,"k":[-509.945,75.565,0],"ix":1},"s":{"a":0,"k":[66.652,66.652,100],"ix":6}},"ao":0,"shapes":[{"ty":"gr","it":[{"d":1,"ty":"el","s":{"a":0,"k":[288.398,288.398],"ix":2},"p":{"a":0,"k":[0,0],"ix":3},"nm":"Ellipse Path 1","mn":"ADBE Vector Shape - Ellipse","hd":false},{"ty":"gf","o":{"a":0,"k":100,"ix":10},"r":1,"bm":0,"g":{"p":3,"k":{"a":0,"k":[0,0.973,0.737,0.753,0.188,0.939,0.606,0.647,1,0.906,0.475,0.541],"ix":9}},"s":{"a":0,"k":[-69.613,-79.558],"ix":5},"e":{"a":0,"k":[100,0],"ix":6},"t":2,"h":{"a":0,"k":0,"ix":7},"a":{"a":0,"k":0,"ix":8},"nm":"Gradient Fill 1","mn":"ADBE Vector Graphic - G-Fill","hd":false},{"ty":"tr","p":{"a":0,"k":[-605.966,187.729],"ix":2},"a":{"a":0,"k":[0,0],"ix":1},"s":{"a":0,"k":[46.168,46.168],"ix":3},"r":{"a":0,"k":0,"ix":6},"o":{"a":0,"k":100,"ix":7},"sk":{"a":0,"k":0,"ix":4},"sa":{"a":0,"k":0,"ix":5},"nm":"Transform"}],"nm":"Ellipse 3","np":3,"cix":2,"bm":0,"ix":1,"mn":"ADBE Vector Group","hd":false},{"ty":"gr","it":[{"d":1,"ty":"el","s":{"a":0,"k":[288.398,288.398],"ix":2},"p":{"a":0,"k":[0,0],"ix":3},"nm":"Ellipse Path 1","mn":"ADBE Vector Shape - Ellipse","hd":false},{"ty":"gf","o":{"a":0,"k":100,"ix":10},"r":1,"bm":0,"g":{"p":3,"k":{"a":0,"k":[0,0.973,0.737,0.753,0.188,0.939,0.606,0.647,1,0.906,0.475,0.541],"ix":9}},"s":{"a":0,"k":[-69.613,-79.558],"ix":5},"e":{"a":0,"k":[100,0],"ix":6},"t":2,"h":{"a":0,"k":0,"ix":7},"a":{"a":0,"k":0,"ix":8},"nm":"Gradient Fill 1","mn":"ADBE Vector Graphic - G-Fill","hd":false},{"ty":"tr","p":{"a":0,"k":[-509.945,-61.326],"ix":2},"a":{"a":0,"k":[0,0],"ix":1},"s":{"a":0,"k":[126.228,126.228],"ix":3},"r":{"a":0,"k":0,"ix":6},"o":{"a":0,"k":100,"ix":7},"sk":{"a":0,"k":0,"ix":4},"sa":{"a":0,"k":0,"ix":5},"nm":"Transform"}],"nm":"Ellipse 1","np":3,"cix":2,"bm":0,"ix":2,"mn":"ADBE Vector Group","hd":false},{"ty":"gr","it":[{"ty":"rc","d":1,"s":{"a":0,"k":[29.834,344.751],"ix":2},"p":{"a":0,"k":[0,0],"ix":3},"r":{"a":0,"k":20,"ix":4},"nm":"Rectangle Path 1","mn":"ADBE Vector Shape - Rect","hd":false},{"ty":"gf","o":{"a":0,"k":100,"ix":10},"r":1,"bm":0,"g":{"p":3,"k":{"a":0,"k":[0,0.812,0.584,0.702,0.188,0.761,0.52,0.665,1,0.71,0.455,0.627],"ix":9}},"s":{"a":0,"k":[-89.503,-43.094],"ix":5},"e":{"a":0,"k":[328.729,16.575],"ix":6},"t":2,"h":{"a":0,"k":0,"ix":7},"a":{"a":0,"k":0,"ix":8},"nm":"Gradient Fill 1","mn":"ADBE Vector Graphic - G-Fill","hd":false},{"ty":"tr","p":{"a":0,"k":[-571.215,223.6],"ix":2},"a":{"a":0,"k":[0,0],"ix":1},"s":{"a":0,"k":[31.486,32.803],"ix":3},"r":{"a":0,"k":-57.302,"ix":6},"o":{"a":0,"k":100,"ix":7},"sk":{"a":0,"k":0,"ix":4},"sa":{"a":0,"k":0,"ix":5},"nm":"Transform"}],"nm":"Rectangle 2","np":3,"cix":2,"bm":0,"ix":3,"mn":"ADBE Vector Group","hd":false},{"ty":"gr","it":[{"ty":"rc","d":1,"s":{"a":0,"k":[29.834,344.751],"ix":2},"p":{"a":0,"k":[0,0],"ix":3},"r":{"a":0,"k":20,"ix":4},"nm":"Rectangle Path 1","mn":"ADBE Vector Shape - Rect","hd":false},{"ty":"gf","o":{"a":0,"k":100,"ix":10},"r":1,"bm":0,"g":{"p":3,"k":{"a":0,"k":[0,0.812,0.584,0.702,0.188,0.761,0.52,0.665,1,0.71,0.455,0.627],"ix":9}},"s":{"a":0,"k":[-89.503,-43.094],"ix":5},"e":{"a":0,"k":[328.729,16.575],"ix":6},"t":2,"h":{"a":0,"k":0,"ix":7},"a":{"a":0,"k":0,"ix":8},"nm":"Gradient Fill 1","mn":"ADBE Vector Graphic - G-Fill","hd":false},{"ty":"tr","p":{"a":0,"k":[-523.204,222.099],"ix":2},"a":{"a":0,"k":[0,0],"ix":1},"s":{"a":0,"k":[100,100],"ix":3},"r":{"a":0,"k":0,"ix":6},"o":{"a":0,"k":100,"ix":7},"sk":{"a":0,"k":0,"ix":4},"sa":{"a":0,"k":0,"ix":5},"nm":"Transform"}],"nm":"Rectangle 1","np":3,"cix":2,"bm":0,"ix":4,"mn":"ADBE Vector Group","hd":false}],"ip":0,"op":125,"st":0,"bm":0},{"ddd":0,"ind":17,"ty":4,"nm":"Shadow 2","sr":1,"ks":{"o":{"a":0,"k":100,"ix":11},"r":{"a":0,"k":0,"ix":10},"p":{"a":0,"k":[319.057,935.905,0],"ix":2},"a":{"a":0,"k":[22,486,0],"ix":1},"s":{"a":0,"k":[13.293,13.293,100],"ix":6}},"ao":0,"shapes":[{"ty":"gr","it":[{"d":1,"ty":"el","s":{"a":0,"k":[1395.524,90.172],"ix":2},"p":{"a":0,"k":[0,0],"ix":3},"nm":"Ellipse Path 1","mn":"ADBE Vector Shape - Ellipse","hd":false},{"ty":"fl","c":{"a":0,"k":[0.384313755409,0.682352941176,0.913725550034,1],"ix":4},"o":{"a":0,"k":100,"ix":5},"r":1,"bm":0,"nm":"Fill 1","mn":"ADBE Vector Graphic - Fill","hd":false},{"ty":"tr","p":{"a":0,"k":[22,486],"ix":2},"a":{"a":0,"k":[0,0],"ix":1},"s":{"a":0,"k":[100,100],"ix":3},"r":{"a":0,"k":0,"ix":6},"o":{"a":0,"k":100,"ix":7},"sk":{"a":0,"k":0,"ix":4},"sa":{"a":0,"k":0,"ix":5},"nm":"Transform"}],"nm":"Ellipse 1","np":3,"cix":2,"bm":0,"ix":1,"mn":"ADBE Vector Group","hd":false}],"ip":0,"op":125,"st":0,"bm":0}],"markers":[]}